Date,Open,High,Low,Close,Volume,Adj Close,prevClose,change,pchange,finalpchange,interval,Numbers,prePred
2021-04-06,135.44,137.71,134.93,137.16,4670100,136.1,,,,,1yr,0,148.62
2021-04-07,136.99,138.24,136.36,136.54,6646000,135.49,136.1,-0.62,-0.0,-0.45,1yr,1,148.63
2021-04-08,137.28,137.31,133.41,133.68,8748400,132.65,135.49,-2.84,-0.02,-2.09,1yr,2,148.65
2021-04-09,133.94,135.5,133.5,135.45,6056800,134.41,132.65,1.76,0.01,1.32,1yr,3,148.67
2021-04-12,134.75,136.9,134.22,136.64,5638200,135.59,134.41,1.18,0.01,0.88,1yr,4,148.69
2021-04-13,135.6,135.99,133.4,133.54,8778200,132.51,135.59,-3.08,-0.02,-2.27,1yr,5,148.7
2021-04-14,133.54,134.18,131.82,132.26,7354100,131.24,132.51,-1.27,-0.01,-0.96,1yr,6,148.72
2021-04-15,133.0,134.07,132.68,133.67,6284800,132.64,131.24,1.4,0.01,1.07,1yr,7,148.74
2021-04-16,134.71,134.77,133.73,134.31,6852500,133.27,132.64,0.64,0.0,0.48,1yr,8,148.76
2021-04-19,134.3,134.38,132.15,132.57,5613600,131.55,133.27,-1.73,-0.01,-1.3,1yr,9,148.77
2021-04-20,129.17,129.9,125.7,127.11,13268700,126.13,131.55,-5.42,-0.04,-4.12,1yr,10,148.79
2021-04-21,127.59,130.33,127.37,129.9,7110900,128.9,126.13,2.77,0.02,2.19,1yr,11,148.81
2021-04-22,129.89,130.37,127.98,129.18,6442900,128.18,128.9,-0.71,-0.01,-0.55,1yr,12,148.83
2021-04-23,128.93,130.65,128.46,130.19,7489000,129.19,128.18,1.0,0.01,0.78,1yr,13,148.84
2021-04-26,130.49,131.7,129.32,131.6,8217800,130.59,129.19,1.4,0.01,1.08,1yr,14,148.86
2021-04-27,132.0,132.79,131.41,132.11,5833100,131.09,130.59,0.51,0.0,0.39,1yr,15,148.88
2021-04-28,132.26,132.33,130.35,130.71,8195400,129.7,131.09,-1.39,-0.01,-1.06,1yr,16,148.9
2021-04-29,131.77,134.12,131.23,133.26,6612500,132.23,129.7,2.53,0.02,1.95,1yr,17,148.91
2021-04-30,132.44,133.88,132.05,132.62,5643600,131.6,132.23,-0.64,-0.0,-0.48,1yr,18,148.93
2021-05-03,133.37,134.45,132.59,133.03,5053000,132.0,131.6,0.41,0.0,0.31,1yr,19,148.95
2021-05-04,132.23,132.59,130.48,131.55,6129500,130.54,132.0,-1.47,-0.01,-1.11,1yr,20,148.97
2021-05-05,132.7,134.22,132.08,132.21,6234200,131.19,130.54,0.65,0.01,0.5,1yr,21,148.99
2021-05-06,132.6,133.84,131.94,133.49,5201000,132.46,131.19,1.27,0.01,0.97,1yr,22,149.0
2021-05-07,135.0,139.36,134.72,137.81,10566700,136.75,132.46,4.29,0.03,3.24,1yr,23,149.02
2021-05-10,138.0,138.9,136.3,136.4,5669300,135.35,136.75,-1.4,-0.01,-1.02,1yr,24,149.04
2021-05-11,138.38,138.38,135.01,137.12,8045400,136.06,135.35,0.71,0.01,0.53,1yr,25,149.06
2021-05-12,135.42,136.82,133.34,133.39,5865100,132.36,136.06,-3.7,-0.03,-2.72,1yr,26,149.07
2021-05-13,133.7,135.03,132.49,133.61,6284300,132.58,132.36,0.22,0.0,0.16,1yr,27,149.09
2021-05-14,134.34,136.68,134.05,135.93,4367900,134.88,132.58,2.3,0.02,1.74,1yr,28,149.11
2021-05-17,136.33,137.07,135.5,136.41,3934200,135.36,134.88,0.48,0.0,0.35,1yr,29,149.13
2021-05-18,136.44,137.47,135.45,135.56,5664700,134.51,135.36,-0.84,-0.01,-0.62,1yr,30,149.14
2021-05-19,133.48,133.97,131.96,132.96,5582300,131.93,134.51,-2.58,-0.02,-1.92,1yr,31,149.16
2021-05-20,133.78,134.21,132.19,133.27,4934800,132.24,131.93,0.31,0.0,0.23,1yr,32,149.18
2021-05-21,133.83,134.17,132.41,132.66,5329700,131.64,132.24,-0.61,-0.0,-0.46,1yr,33,149.2
2021-05-24,133.1,134.35,132.81,134.06,4313200,133.03,131.64,1.39,0.01,1.06,1yr,34,149.21
2021-05-25,134.94,135.17,133.85,134.32,4885800,133.28,133.03,0.26,0.0,0.19,1yr,35,149.23
2021-05-26,135.2,137.92,135.0,136.89,6781500,135.83,133.28,2.55,0.02,1.91,1yr,36,149.25
2021-05-27,137.55,138.31,136.46,136.56,12882300,135.51,135.83,-0.33,-0.0,-0.24,1yr,37,149.27
2021-05-28,136.24,137.35,136.09,136.46,4153500,135.68,135.51,0.17,0.0,0.13,1yr,38,149.28
2021-06-01,137.85,138.05,134.21,134.51,5577900,133.74,135.68,-1.94,-0.01,-1.43,1yr,39,149.3
2021-06-02,134.59,135.49,133.53,134.17,5226100,133.4,133.74,-0.34,-0.0,-0.25,1yr,40,149.32
2021-06-03,133.2,134.69,132.51,134.17,5027400,133.4,133.4,0.0,0.0,0.0,1yr,41,149.34
2021-06-04,134.5,134.94,132.28,133.74,5217100,132.98,133.4,-0.43,-0.0,-0.32,1yr,42,149.36
2021-06-07,134.0,135.2,133.45,133.95,3765000,133.19,132.98,0.21,0.0,0.16,1yr,43,149.37
2021-06-08,134.69,134.72,132.41,133.35,4915200,132.59,133.19,-0.6,-0.0,-0.45,1yr,44,149.39
2021-06-09,133.62,134.9,131.45,131.84,6448100,131.09,132.59,-1.5,-0.01,-1.13,1yr,45,149.41
2021-06-10,131.5,132.57,130.19,130.98,6584100,130.23,131.09,-0.86,-0.01,-0.65,1yr,46,149.43
2021-06-11,131.5,131.99,130.53,131.94,5414500,131.19,130.23,0.95,0.01,0.73,1yr,47,149.44
2021-06-14,131.7,132.05,130.13,131.36,5743600,130.61,131.19,-0.58,-0.0,-0.44,1yr,48,149.46
2021-06-15,131.54,131.75,129.83,130.29,5168100,129.55,130.61,-1.06,-0.01,-0.81,1yr,49,149.48
2021-06-16,130.3,131.17,129.6,130.4,7915500,129.66,129.55,0.11,0.0,0.08,1yr,50,149.5
2021-06-17,129.24,129.88,127.86,128.92,8568100,128.18,129.66,-1.47,-0.01,-1.13,1yr,51,149.51
2021-06-18,126.68,129.03,126.68,128.41,9784800,127.68,128.18,-0.51,-0.0,-0.4,1yr,52,149.53
2021-06-21,129.24,130.76,128.7,130.08,6288500,129.34,127.68,1.66,0.01,1.3,1yr,53,149.55
2021-06-22,130.83,132.69,130.13,132.48,6043800,131.72,129.34,2.39,0.02,1.85,1yr,54,149.57
2021-06-23,132.81,133.7,132.21,133.1,4566000,132.34,131.72,0.62,0.0,0.47,1yr,55,149.58
2021-06-24,133.9,134.82,132.9,133.6,11420500,132.84,132.34,0.5,0.0,0.38,1yr,56,149.6
2021-06-25,152.41,154.59,150.48,154.35,46285400,153.47,132.84,20.63,0.16,15.53,1yr,57,149.62
2021-06-28,153.92,154.05,151.51,152.36,13133300,151.49,153.47,-1.98,-0.01,-1.29,1yr,58,149.64
2021-06-29,153.26,156.4,152.91,155.95,10279900,155.06,151.49,3.57,0.02,2.36,1yr,59,149.65
2021-06-30,154.79,155.34,153.52,154.49,10281800,153.61,155.06,-1.45,-0.01,-0.94,1yr,60,149.67
2021-07-01,154.07,158.21,153.89,158.0,9011500,157.1,153.61,3.49,0.02,2.27,1yr,61,149.69
2021-07-02,158.21,159.97,157.64,159.74,6396700,158.83,157.1,1.73,0.01,1.1,1yr,62,149.71
2021-07-06,159.92,160.44,157.86,160.11,6671000,159.2,158.83,0.37,0.0,0.23,1yr,63,149.72
2021-07-07,160.16,161.5,158.28,160.16,5408300,159.25,159.2,0.05,0.0,0.03,1yr,64,149.74
2021-07-08,158.17,160.82,157.35,160.63,6081600,159.71,159.25,0.47,0.0,0.29,1yr,65,149.76
2021-07-09,161.69,161.96,160.51,161.0,5002300,160.08,159.71,0.37,0.0,0.23,1yr,66,149.78
2021-07-12,161.64,162.43,160.71,161.82,4992200,160.9,160.08,0.82,0.01,0.51,1yr,67,149.8
2021-07-13,161.35,162.31,161.01,161.59,5747700,160.67,160.9,-0.23,-0.0,-0.14,1yr,68,149.81
2021-07-14,161.87,162.73,161.34,161.54,4928000,160.62,160.67,-0.05,-0.0,-0.03,1yr,69,149.83
2021-07-15,160.86,162.2,160.39,161.69,6432500,160.77,160.62,0.15,0.0,0.09,1yr,70,149.85
2021-07-16,161.62,161.7,159.64,159.85,6603700,158.94,160.77,-1.83,-0.01,-1.14,1yr,71,149.87
2021-07-19,158.15,158.82,156.6,157.87,7377100,156.97,158.94,-1.97,-0.01,-1.24,1yr,72,149.88
2021-07-20,157.26,160.43,156.58,159.74,4629200,158.83,156.97,1.86,0.01,1.18,1yr,73,149.9
2021-07-21,160.5,161.43,160.01,161.08,5393100,160.16,158.83,1.33,0.01,0.84,1yr,74,149.92
2021-07-22,161.11,163.75,160.93,163.68,4851500,162.75,160.16,2.59,0.02,1.61,1yr,75,149.94
2021-07-23,164.35,166.45,163.73,166.36,4217700,165.41,162.75,2.66,0.02,1.64,1yr,76,149.95
2021-07-26,165.71,166.53,163.82,165.09,3858800,164.15,165.41,-1.26,-0.01,-0.76,1yr,77,149.97
2021-07-27,164.82,165.61,162.58,164.57,4359000,163.63,164.15,-0.52,-0.0,-0.31,1yr,78,149.99
2021-07-28,164.49,165.9,164.08,165.46,4093600,164.52,163.63,0.88,0.01,0.54,1yr,79,150.01
2021-07-29,165.9,167.03,165.39,166.99,3605600,166.04,164.52,1.52,0.01,0.92,1yr,80,150.02
2021-07-30,166.59,167.87,166.35,167.51,5364400,166.55,166.04,0.52,0.0,0.31,1yr,81,150.04
2021-08-02,169.06,169.98,168.03,168.75,5532500,167.79,166.55,1.23,0.01,0.74,1yr,82,150.06
2021-08-03,169.22,171.5,168.49,171.23,5718100,170.25,167.79,2.47,0.01,1.47,1yr,83,150.08
2021-08-04,171.36,172.34,170.96,171.91,4646200,170.93,170.25,0.68,0.0,0.4,1yr,84,150.09
2021-08-05,171.41,174.0,171.18,173.85,3824000,172.86,170.93,1.93,0.01,1.13,1yr,85,150.11
2021-08-06,174.36,174.38,172.7,172.8,4088700,171.81,172.86,-1.04,-0.01,-0.6,1yr,86,150.13
2021-08-09,172.5,173.06,171.62,171.77,3612800,170.79,171.81,-1.02,-0.01,-0.6,1yr,87,150.15
2021-08-10,171.56,173.96,171.43,172.27,3747100,171.29,170.79,0.5,0.0,0.29,1yr,88,150.17
2021-08-11,172.0,173.22,170.94,171.27,4078300,170.29,171.29,-0.99,-0.01,-0.58,1yr,89,150.18
2021-08-12,170.89,171.32,169.48,170.64,3997100,169.67,170.29,-0.63,-0.0,-0.37,1yr,90,150.2
2021-08-13,170.45,171.72,168.78,171.69,2966200,170.71,169.67,1.04,0.01,0.62,1yr,91,150.22
2021-08-16,170.7,172.4,169.66,172.36,3530200,171.38,170.71,0.67,0.0,0.39,1yr,92,150.24
2021-08-17,171.54,171.7,169.38,170.66,3602900,169.69,171.38,-1.69,-0.01,-0.99,1yr,93,150.25
2021-08-18,169.75,171.8,168.66,168.81,5487400,167.85,169.69,-1.84,-0.01,-1.08,1yr,94,150.27
2021-08-19,166.96,167.54,164.37,165.59,7336300,164.64,167.85,-3.2,-0.02,-1.91,1yr,95,150.29
2021-08-20,166.27,168.01,165.42,167.79,4039100,166.83,164.64,2.19,0.01,1.33,1yr,96,150.31
2021-08-23,169.45,170.9,169.18,169.72,3796500,168.75,166.83,1.92,0.01,1.15,1yr,97,150.32
2021-08-24,169.6,170.87,168.89,169.98,3133100,169.01,168.75,0.26,0.0,0.15,1yr,98,150.34
2021-08-25,170.0,170.69,169.53,169.84,3003800,168.87,169.01,-0.14,-0.0,-0.08,1yr,99,150.36
2021-08-26,169.38,169.52,166.27,166.92,4069600,165.97,168.87,-2.9,-0.02,-1.72,1yr,100,150.38
2021-08-27,167.27,168.07,166.28,167.58,3012400,166.9,165.97,0.93,0.01,0.56,1yr,101,150.39
2021-08-30,167.89,168.41,166.57,168.03,3537100,167.35,166.9,0.45,0.0,0.27,1yr,102,150.41
2021-08-31,167.55,167.68,164.2,164.74,7545600,164.07,167.35,-3.28,-0.02,-1.96,1yr,103,150.43
2021-09-01,164.92,166.62,164.08,164.56,4706500,163.89,164.07,-0.18,-0.0,-0.11,1yr,104,150.45
2021-09-02,165.24,165.43,162.79,163.67,4632100,163.0,163.89,-0.89,-0.01,-0.54,1yr,105,150.46
2021-09-03,163.2,164.17,162.22,163.29,4254500,162.63,163.0,-0.38,-0.0,-0.23,1yr,106,150.48
2021-09-07,163.7,163.86,161.91,162.64,5648800,161.98,162.63,-0.65,-0.0,-0.4,1yr,107,150.5
2021-09-08,162.0,162.09,159.75,160.71,6591700,160.06,161.98,-1.92,-0.01,-1.19,1yr,108,150.52
2021-09-09,165.26,166.15,163.2,163.34,8414800,162.68,160.06,2.62,0.02,1.64,1yr,109,150.53
2021-09-10,164.25,165.66,163.44,163.59,4252100,162.92,162.68,0.25,0.0,0.15,1yr,110,150.55
2021-09-13,161.56,162.92,158.33,159.52,8814500,158.87,162.92,-4.05,-0.02,-2.49,1yr,111,150.57
2021-09-14,159.17,159.39,157.07,158.76,5323900,158.11,158.87,-0.76,-0.0,-0.48,1yr,112,150.59
2021-09-15,157.5,158.32,155.67,157.91,6827100,157.27,158.11,-0.85,-0.01,-0.54,1yr,113,150.61
2021-09-16,157.59,159.01,157.2,157.6,5085900,156.96,157.27,-0.31,-0.0,-0.2,1yr,114,150.62
2021-09-17,157.96,161.0,156.07,156.42,7944800,155.78,156.96,-1.18,-0.01,-0.75,1yr,115,150.64
2021-09-20,153.73,155.27,152.32,154.25,7041200,153.62,155.78,-2.16,-0.01,-1.39,1yr,116,150.66
2021-09-21,155.09,156.13,153.58,155.02,5857900,154.39,153.62,0.77,0.0,0.5,1yr,117,150.68
2021-09-22,156.79,158.0,155.6,157.44,6844800,156.8,154.39,2.41,0.02,1.56,1yr,118,150.69
2021-09-23,158.71,160.29,158.27,159.58,11981500,158.93,156.8,2.13,0.01,1.36,1yr,119,150.71
2021-09-24,151.04,151.85,148.0,149.59,26913300,148.98,158.93,-9.95,-0.06,-6.26,1yr,120,150.73
2021-09-27,149.51,149.91,147.29,148.04,11479300,147.44,148.98,-1.54,-0.01,-1.04,1yr,121,150.75
2021-09-28,147.34,147.53,145.0,145.3,10692300,144.71,147.44,-2.73,-0.02,-1.85,1yr,122,150.76
2021-09-29,145.71,147.94,145.69,146.02,7794900,145.43,144.71,0.72,0.0,0.5,1yr,123,150.78
2021-09-30,145.88,147.48,144.42,145.23,10133600,144.64,145.43,-0.79,-0.01,-0.54,1yr,124,150.8
2021-10-01,145.22,148.0,144.37,147.06,8112300,146.46,144.64,1.82,0.01,1.26,1yr,125,150.82
2021-10-04,147.06,147.62,145.76,147.14,7951000,146.54,146.46,0.08,0.0,0.05,1yr,126,150.83
2021-10-05,148.0,151.0,147.82,149.46,10881900,148.85,146.54,2.31,0.02,1.58,1yr,127,150.85
2021-10-06,148.0,149.46,147.51,148.8,7610700,148.19,148.85,-0.66,-0.0,-0.44,1yr,128,150.87
2021-10-07,150.3,153.66,150.26,151.85,7958000,151.23,148.19,3.04,0.02,2.05,1yr,129,150.89
2021-10-08,152.22,152.87,150.67,152.48,6333700,151.86,151.23,0.63,0.0,0.41,1yr,130,150.9
2021-10-11,151.99,153.59,150.06,150.28,5551200,149.67,151.86,-2.19,-0.01,-1.44,1yr,131,150.92
2021-10-12,152.42,153.6,151.3,153.35,7408600,152.73,149.67,3.06,0.02,2.04,1yr,132,150.94
2021-10-13,154.32,156.67,153.16,156.3,8456300,155.66,152.73,2.94,0.02,1.92,1yr,133,150.96
2021-10-14,158.18,158.46,156.25,157.14,6024500,156.5,155.66,0.84,0.01,0.54,1yr,134,150.98
2021-10-15,157.8,158.33,156.56,158.01,5532100,157.37,156.5,0.87,0.01,0.55,1yr,135,150.99
2021-10-18,157.31,159.47,155.95,159.43,5765300,158.78,157.37,1.41,0.01,0.9,1yr,136,151.01
2021-10-19,159.68,159.93,156.8,157.82,6198200,157.18,158.78,-1.6,-0.01,-1.01,1yr,137,151.03
2021-10-20,158.5,158.8,157.32,158.45,4487000,157.81,157.18,0.63,0.0,0.4,1yr,138,151.05
2021-10-21,158.45,162.34,158.28,162.18,6121700,161.52,157.81,3.71,0.02,2.35,1yr,139,151.06
2021-10-22,162.28,164.62,162.28,163.48,5323000,162.82,161.52,1.29,0.01,0.8,1yr,140,151.08
2021-10-25,163.23,164.73,162.66,164.22,3878200,163.55,162.82,0.74,0.0,0.45,1yr,141,151.1
2021-10-26,164.82,165.45,163.12,163.79,4711200,163.12,163.55,-0.43,-0.0,-0.26,1yr,142,151.12
2021-10-27,163.65,164.06,161.66,162.35,4163900,161.69,163.12,-1.43,-0.01,-0.88,1yr,143,151.13
2021-10-28,163.01,164.6,162.81,164.46,3762000,163.79,161.69,2.1,0.01,1.3,1yr,144,151.15
2021-10-29,163.06,167.63,163.0,167.29,6740600,166.61,163.79,2.82,0.02,1.72,1yr,145,151.17
2021-11-01,167.8,168.8,165.89,166.33,3610800,165.65,166.61,-0.96,-0.01,-0.57,1yr,146,151.19
2021-11-02,166.76,168.16,166.11,167.83,5038000,167.15,165.65,1.49,0.01,0.9,1yr,147,151.2
2021-11-03,169.0,172.87,168.65,172.5,7176700,171.8,167.15,4.65,0.03,2.78,1yr,148,151.22
2021-11-04,172.21,175.63,172.0,175.44,5460100,174.73,171.8,2.93,0.02,1.7,1yr,149,151.24
2021-11-05,175.73,179.1,175.5,177.51,5892200,176.79,174.73,2.06,0.01,1.18,1yr,150,151.26
2021-11-08,176.35,176.54,170.36,171.85,8301100,171.15,176.79,-5.64,-0.03,-3.19,1yr,151,151.27
2021-11-09,171.25,173.93,170.95,173.82,4343000,173.11,171.15,1.96,0.01,1.15,1yr,152,151.29
2021-11-10,171.23,172.17,167.55,168.26,8185200,167.58,173.11,-5.54,-0.03,-3.2,1yr,153,151.31
2021-11-11,169.6,169.6,166.63,166.97,4994900,166.29,167.58,-1.28,-0.01,-0.77,1yr,154,151.33
2021-11-12,167.5,169.68,167.4,169.09,5126300,168.4,166.29,2.11,0.01,1.27,1yr,155,151.34
2021-11-15,169.7,170.36,168.52,168.85,3856700,168.16,168.4,-0.24,-0.0,-0.14,1yr,156,151.36
2021-11-16,169.25,174.0,169.25,171.83,4401000,171.13,168.16,2.97,0.02,1.76,1yr,157,151.38
2021-11-17,171.6,172.74,170.25,171.74,3940200,171.04,171.13,-0.09,-0.0,-0.05,1yr,158,151.4
2021-11-18,172.33,173.46,170.36,171.35,4044200,170.65,171.04,-0.39,-0.0,-0.23,1yr,159,151.42
2021-11-19,172.15,177.2,170.53,174.88,6145600,174.17,170.65,3.52,0.02,2.06,1yr,160,151.43
2021-11-22,174.98,177.75,174.23,174.24,5906400,173.53,174.17,-0.64,-0.0,-0.37,1yr,161,151.45
2021-11-23,173.05,173.43,170.41,172.15,5302100,171.45,173.53,-2.08,-0.01,-1.2,1yr,162,151.47
2021-11-24,168.49,172.43,167.67,172.03,4637600,171.33,171.45,-0.12,-0.0,-0.07,1yr,163,151.49
2021-11-26,168.06,169.68,167.54,168.02,4751100,167.34,171.33,-3.99,-0.02,-2.33,1yr,164,151.5
2021-11-29,169.83,171.15,169.23,169.87,5448700,169.18,167.34,1.84,0.01,1.1,1yr,165,151.52
2021-11-30,168.79,171.55,167.53,169.24,11033700,168.55,169.18,-0.63,-0.0,-0.37,1yr,166,151.54
2021-12-01,170.89,173.37,166.68,166.7,6618200,166.02,168.55,-2.53,-0.02,-1.5,1yr,167,151.56
2021-12-02,167.28,170.55,167.0,170.0,4398900,169.31,166.02,3.29,0.02,1.98,1yr,168,151.57
2021-12-03,170.62,172.07,166.76,170.24,4878500,169.85,169.31,0.54,0.0,0.32,1yr,169,151.59
2021-12-06,170.83,171.21,168.06,168.91,5636900,168.53,169.85,-1.33,-0.01,-0.78,1yr,170,151.61
2021-12-07,171.11,173.35,170.4,171.29,5898700,170.9,168.53,2.37,0.01,1.41,1yr,171,151.63
2021-12-08,171.22,171.79,169.84,170.25,5614400,169.86,170.9,-1.04,-0.01,-0.61,1yr,172,151.64
2021-12-09,169.29,171.17,167.99,168.1,5171600,167.72,169.86,-2.15,-0.01,-1.26,1yr,173,151.66
2021-12-10,168.5,170.24,167.33,169.06,4791100,168.68,167.72,0.96,0.01,0.57,1yr,174,151.68
2021-12-13,168.81,169.39,165.26,166.84,5972300,166.46,168.68,-2.21,-0.01,-1.31,1yr,175,151.7
2021-12-14,166.29,167.08,164.21,165.4,4872200,165.02,166.46,-1.44,-0.01,-0.86,1yr,176,151.71
2021-12-15,165.0,165.67,161.82,163.9,7144600,163.53,165.02,-1.5,-0.01,-0.91,1yr,177,151.73
2021-12-16,162.7,165.94,162.53,162.72,7138100,162.35,163.53,-1.18,-0.01,-0.72,1yr,178,151.75
2021-12-17,161.63,162.86,160.55,161.36,7705100,160.99,162.35,-1.36,-0.01,-0.84,1yr,179,151.77
2021-12-20,159.34,159.6,155.47,156.98,8411900,156.62,160.99,-4.37,-0.03,-2.71,1yr,180,151.79
2021-12-21,166.69,171.19,164.71,166.63,13862900,166.25,156.62,9.63,0.06,6.15,1yr,181,151.8
2021-12-22,167.24,169.0,164.09,165.44,5811300,165.06,166.25,-1.19,-0.01,-0.71,1yr,182,151.82
2021-12-23,166.25,167.16,165.44,165.67,3876900,165.29,165.06,0.23,0.0,0.14,1yr,183,151.84
2021-12-27,166.52,167.69,165.48,167.58,3769300,167.2,165.29,1.91,0.01,1.15,1yr,184,151.86
2021-12-28,167.8,168.25,166.3,166.42,2658600,166.04,167.2,-1.16,-0.01,-0.69,1yr,185,151.87
2021-12-29,167.07,169.8,166.6,168.78,3830900,168.4,166.04,2.35,0.01,1.42,1yr,186,151.89
2021-12-30,168.31,170.12,167.2,167.49,2666800,167.11,168.4,-1.29,-0.01,-0.76,1yr,187,151.91
2021-12-31,167.56,167.72,166.21,166.67,2752000,166.29,167.11,-0.82,-0.0,-0.49,1yr,188,151.93
2022-01-03,167.53,167.91,163.31,164.67,5670500,164.3,166.29,-2.0,-0.01,-1.2,1yr,189,151.94
2022-01-04,165.88,167.18,165.0,166.39,6064200,166.01,164.3,1.72,0.01,1.04,1yr,190,151.96
2022-01-05,166.49,167.01,162.1,162.25,5021000,161.88,166.01,-4.13,-0.02,-2.49,1yr,191,151.98
2022-01-06,162.09,163.19,159.06,161.04,4144600,160.67,161.88,-1.21,-0.01,-0.75,1yr,192,152.0
2022-01-07,160.77,161.14,156.86,156.97,5108000,156.61,160.67,-4.06,-0.03,-2.53,1yr,193,152.01
2022-01-10,150.52,151.33,148.78,150.44,10439000,150.1,156.61,-6.52,-0.04,-4.16,1yr,194,152.03
2022-01-11,150.48,150.84,147.6,150.3,8175400,149.96,150.1,-0.14,-0.0,-0.09,1yr,195,152.05
2022-01-12,152.13,153.46,150.74,152.21,6351200,151.86,149.96,1.91,0.01,1.27,1yr,196,152.07
2022-01-13,153.2,153.6,149.02,149.59,4990900,149.25,151.86,-2.61,-0.02,-1.72,1yr,197,152.08
2022-01-14,148.39,148.84,146.85,148.18,6030500,147.84,149.25,-1.41,-0.01,-0.94,1yr,198,152.1
2022-01-18,148.06,148.83,146.3,146.95,6931000,146.62,147.84,-1.23,-0.01,-0.83,1yr,199,152.12
2022-01-19,147.76,149.1,145.02,145.11,4823800,144.78,146.62,-1.84,-0.01,-1.25,1yr,200,152.14
2022-01-20,145.46,147.38,142.5,142.73,5366500,142.41,144.78,-2.37,-0.02,-1.64,1yr,201,152.15
2022-01-21,144.32,146.36,142.85,142.95,7553400,142.62,142.41,0.22,0.0,0.15,1yr,202,152.17
2022-01-24,140.81,146.31,139.56,146.0,9733200,145.67,142.62,3.04,0.02,2.13,1yr,203,152.19
2022-01-25,144.97,147.96,142.51,145.48,8195400,145.15,145.67,-0.52,-0.0,-0.36,1yr,204,152.21
2022-01-26,147.78,148.97,142.73,143.99,7444600,143.66,145.15,-1.49,-0.01,-1.02,1yr,205,152.23
2022-01-27,144.99,147.35,143.58,144.64,6396400,144.31,143.66,0.65,0.0,0.45,1yr,206,152.24
2022-01-28,144.12,146.03,140.61,145.91,6130200,145.58,144.31,1.27,0.01,0.88,1yr,207,152.26
2022-01-31,146.27,148.18,145.22,148.07,6932200,147.73,145.58,2.16,0.01,1.48,1yr,208,152.28
2022-02-01,149.5,149.68,146.8,148.22,6695000,147.88,147.73,0.15,0.0,0.1,1yr,209,152.3
2022-02-02,148.35,149.46,147.53,148.71,5491700,148.37,147.88,0.49,0.0,0.33,1yr,210,152.31
2022-02-03,147.4,148.46,144.97,145.31,5240200,144.98,148.37,-3.39,-0.02,-2.29,1yr,211,152.33
2022-02-04,145.37,146.48,143.64,145.39,4313400,145.06,144.98,0.08,0.0,0.06,1yr,212,152.35
2022-02-07,145.3,146.12,144.22,145.14,3877500,144.81,145.06,-0.25,-0.0,-0.17,1yr,213,152.37
2022-02-08,144.74,145.5,142.3,143.53,5829400,143.2,144.81,-1.61,-0.01,-1.11,1yr,214,152.38
2022-02-09,146.11,147.36,145.67,146.26,4551000,145.93,143.2,2.72,0.02,1.9,1yr,215,152.4
2022-02-10,143.96,147.54,143.85,144.82,5142600,144.49,145.93,-1.44,-0.01,-0.98,1yr,216,152.42
2022-02-11,144.76,145.06,139.56,140.18,6710500,139.86,144.49,-4.63,-0.03,-3.2,1yr,217,152.44
2022-02-14,140.08,143.21,139.79,141.59,6841200,141.27,139.86,1.41,0.01,1.01,1yr,218,152.45
2022-02-15,144.22,146.32,144.1,145.58,7820200,145.25,141.27,3.98,0.03,2.82,1yr,219,152.47
2022-02-16,145.02,146.95,144.61,146.49,4817500,146.16,145.25,0.91,0.01,0.63,1yr,220,152.49
2022-02-17,145.54,146.91,142.64,142.8,5202300,142.47,146.16,-3.68,-0.03,-2.52,1yr,221,152.51
2022-02-18,143.37,143.94,141.81,142.95,5177400,142.62,142.47,0.15,0.0,0.11,1yr,222,152.52
2022-02-22,141.59,141.64,136.16,138.19,9604500,137.88,142.62,-4.75,-0.03,-3.33,1yr,223,152.54
2022-02-23,139.66,140.97,136.51,136.83,7636600,136.52,137.88,-1.36,-0.01,-0.98,1yr,224,152.56
2022-02-24,133.0,137.42,130.93,137.17,8417200,136.86,136.52,0.34,0.0,0.25,1yr,225,152.58
2022-02-25,138.13,139.22,136.19,138.8,5424500,138.48,136.86,1.63,0.01,1.19,1yr,226,152.6
2022-02-28,137.06,138.38,135.04,136.55,6612700,136.24,138.48,-2.24,-0.02,-1.62,1yr,227,152.61
2022-03-01,136.72,136.75,131.15,132.22,6534000,131.92,136.24,-4.32,-0.03,-3.17,1yr,228,152.63
2022-03-02,132.98,136.61,132.77,135.68,7743900,135.37,131.92,3.45,0.03,2.62,1yr,229,152.65
2022-03-03,136.74,136.8,133.45,133.97,4576500,133.66,135.37,-1.71,-0.01,-1.26,1yr,230,152.67
2022-03-04,132.51,133.62,130.7,131.18,7084500,131.18,133.66,-2.49,-0.02,-1.86,1yr,231,152.68
2022-03-07,131.0,131.03,124.17,124.44,11383400,124.44,131.18,-6.74,-0.05,-5.14,1yr,232,152.7
2022-03-08,125.24,125.47,120.8,121.21,9089400,121.21,124.44,-3.23,-0.03,-2.6,1yr,233,152.72
2022-03-09,127.38,129.65,126.63,126.95,8845100,126.95,121.21,5.74,0.05,4.74,1yr,234,152.74
2022-03-10,124.02,126.6,124.0,126.03,7167400,126.03,126.95,-0.92,-0.01,-0.72,1yr,235,152.75
2022-03-11,127.01,127.87,122.51,122.63,5881600,122.63,126.03,-3.4,-0.03,-2.7,1yr,236,152.77
2022-03-14,121.53,122.45,116.75,117.57,13884900,117.57,122.63,-5.06,-0.04,-4.13,1yr,237,152.79
2022-03-15,119.84,120.42,117.75,119.4,10431300,119.4,117.57,1.83,0.02,1.56,1yr,238,152.81
2022-03-16,122.85,126.11,121.93,125.19,11100400,125.19,119.4,5.79,0.05,4.85,1yr,239,152.82
2022-03-17,124.94,127.41,123.7,127.41,6845300,127.41,125.19,2.22,0.02,1.77,1yr,240,152.84
2022-03-18,126.85,131.46,126.7,131.24,10338700,131.24,127.41,3.83,0.03,3.01,1yr,241,152.86
2022-03-21,129.72,132.31,128.62,130.19,14388500,130.19,131.24,-1.05,-0.01,-0.8,1yr,242,152.88
2022-03-22,137.28,139.0,132.99,133.09,19731200,133.09,130.19,2.9,0.02,2.23,1yr,243,152.89
2022-03-23,132.64,135.4,131.2,133.0,8068800,133.0,133.09,-0.09,-0.0,-0.07,1yr,244,152.91
2022-03-24,133.75,134.19,131.2,132.08,5853800,132.08,133.0,-0.92,-0.01,-0.69,1yr,245,152.93
2022-03-25,133.05,133.87,131.71,133.7,6287000,133.7,132.08,1.62,0.01,1.23,1yr,246,152.95
2022-03-28,133.76,134.86,132.17,134.81,5804100,134.81,133.7,1.11,0.01,0.83,1yr,247,152.96
2022-03-29,137.85,139.75,136.95,139.14,7275900,139.14,134.81,4.33,0.03,3.21,1yr,248,152.98
2022-03-30,138.98,139.86,137.56,138.54,5545800,138.54,139.14,-0.6,-0.0,-0.43,1yr,249,153.0
2022-03-31,137.83,138.71,134.5,134.56,7206500,134.56,138.54,-3.98,-0.03,-2.87,1yr,250,153.02
2022-04-01,134.45,135.28,132.75,133.52,5807500,133.52,134.56,-1.04,-0.01,-0.77,1yr,251,153.04
2022-04-04,133.05,135.21,132.86,134.34,5307300,134.34,133.52,0.82,0.01,0.61,1yr,252,153.05
2022-04-05,134.04,134.68,132.02,132.3,5707300,132.3,134.34,-2.04,-0.02,-1.52,1yr,253,153.07
